[{"model": "contenttypes.contenttype", "pk": 1, "fields": {"app_label": "admin", "model": "logentry"}}, {"model": "contenttypes.contenttype", "pk": 2, "fields": {"app_label": "auth", "model": "permission"}}, {"model": "contenttypes.contenttype", "pk": 3, "fields": {"app_label": "auth", "model": "group"}}, {"model": "contenttypes.contenttype", "pk": 4, "fields": {"app_label": "auth", "model": "user"}}, {"model": "contenttypes.contenttype", "pk": 5, "fields": {"app_label": "contenttypes", "model": "contenttype"}}, {"model": "contenttypes.contenttype", "pk": 6, "fields": {"app_label": "sessions", "model": "session"}}, {"model": "contenttypes.contenttype", "pk": 7, "fields": {"app_label": "Offer", "model": "equipment"}}, {"model": "contenttypes.contenttype", "pk": 8, "fields": {"app_label": "Offer", "model": "norm"}}, {"model": "contenttypes.contenttype", "pk": 9, "fields": {"app_label": "Offer", "model": "pic"}}, {"model": "contenttypes.contenttype", "pk": 10, "fields": {"app_label": "Offer", "model": "seller"}}, {"model": "contenttypes.contenttype", "pk": 11, "fields": {"app_label": "Offer", "model": "rent"}}, {"model": "contenttypes.contenttype", "pk": 12, "fields": {"app_label": "Offer", "model": "buyplan"}}, {"model": "contenttypes.contenttype", "pk": 13, "fields": {"app_label": "Offer", "model": "buy"}}, {"model": "contenttypes.contenttype", "pk": 14, "fields": {"app_label": "Offer", "model": "groupseller"}}, {"model": "contenttypes.contenttype", "pk": 15, "fields": {"app_label": "Offer", "model": "equipmentname"}}, {"model": "contenttypes.contenttype", "pk": 16, "fields": {"app_label": "Offer", "model": "normname"}}, {"model": "sessions.session", "pk": "56fm9liuym46qhv2jsc4oe46y1uwtha3", "fields": {"session_data": "OGE1YzA1NzY4YzZkMWEwODU0OTRmNDA5Nzc0Mjc1MTdkNzk1Zjk2Mzp7Il9hdXRoX3VzZXJfaWQiOiIxIiwiX2F1dGhfdXNlcl9iYWNrZW5kIjoiZGphbmdvLmNvbnRyaWIuYXV0aC5iYWNrZW5kcy5Nb2RlbEJhY2tlbmQiLCJfYXV0aF91c2VyX2hhc2giOiI4OTk5NGNiN2QxNWU4MGQ3YjMyNjE4ODFkMjgxOTgxNGMwN2ZhNjhhIn0=", "expire_date": "2019-06-23T10:50:03.034Z"}}, {"model": "Offer.seller", "pk": 1, "fields": {"created": "2019-06-05T19:47:48.207Z", "modified": "2019-06-05T19:47:48.207Z", "name": "DEMATHIEU ET BARD IMMOBILIER", "group": null, "url": "https://www.demathieu-bard.fr/", "contact": null, "phone": null, "email": null, "note": null, "adresse_uuid": null, "geohash": null, "gps_lat": null, "gps_long": null, "uuid": "99a8d8e804ac4a85bc0000105c5277ca7446"}}, {"model": "Offer.seller", "pk": 2, "fields": {"created": "2019-06-05T20:19:30.749Z", "modified": "2019-06-05T20:19:30.749Z", "name": "NEXITY", "group": null, "url": "https://www.nexity.fr/", "contact": null, "phone": null, "email": null, "note": null, "adresse_uuid": null, "geohash": null, "gps_lat": null, "gps_long": null, "uuid": "fe1f8139bae046eca2ae0df27a9fb6c88046"}}, {"model": "Offer.seller", "pk": 3, "fields": {"created": "2019-06-05T20:31:18.224Z", "modified": "2019-06-06T08:10:37.414Z", "name": "BOUYGUES IMMOBILIER", "group": null, "url": "https://les-offres.bouygues-immobilier.com", "contact": null, "phone": null, "email": null, "note": null, "adresse_uuid": null, "geohash": null, "gps_lat": null, "gps_long": null, "uuid": "4a1d95f753b24f2c9338afbe27dfcb341087"}}, {"model": "Offer.seller", "pk": 4, "fields": {"created": "2019-06-05T20:39:59.580Z", "modified": "2019-06-05T20:39:59.580Z", "name": "SEIXO HABITAT", "group": null, "url": "https://www.seixo-habitat.fr/", "contact": null, "phone": null, "email": null, "note": null, "adresse_uuid": null, "geohash": null, "gps_lat": null, "gps_long": null, "uuid": "0f2efe62680742b58183d8d926cbba104888"}}, {"model": "Offer.seller", "pk": 5, "fields": {"created": "2019-06-05T20:44:07.226Z", "modified": "2019-06-05T20:44:07.226Z", "name": "Edouard Denis", "group": null, "url": "https://proprietaire.edouarddenis-immobilier.com/", "contact": null, "phone": null, "email": null, "note": null, "adresse_uuid": null, "geohash": null, "gps_lat": null, "gps_long": null, "uuid": "a5bf6d0b3e8c47b7960e2860b79bf8e08033"}}, {"model": "Offer.seller", "pk": 6, "fields": {"created": "2019-06-05T20:50:04.979Z", "modified": "2019-06-05T20:50:04.979Z", "name": "COGEDIM", "group": null, "url": "https://www.cogedim.com/", "contact": null, "phone": null, "email": null, "note": null, "adresse_uuid": null, "geohash": null, "gps_lat": null, "gps_long": null, "uuid": "2945cda473794ed98cb8373c4b4bcfc92466"}}, {"model": "Offer.seller", "pk": 7, "fields": {"created": "2019-06-05T20:55:01.163Z", "modified": "2019-06-05T20:55:01.163Z", "name": "LES NOUVEAUX CONTRUCTEURS", "group": null, "url": "https://www.lesnouveauxconstructeurs.fr", "contact": null, "phone": null, "email": null, "note": null, "adresse_uuid": null, "geohash": null, "gps_lat": null, "gps_long": null, "uuid": "582607bf6a0a40bbb9d334282df2ef621168"}}, {"model": "Offer.seller", "pk": 8, "fields": {"created": "2019-06-05T21:14:28.554Z", "modified": "2019-06-05T21:14:28.554Z", "name": "EMERIGE RESIDENTIEL", "group": null, "url": "https://www.emerige.com", "contact": null, "phone": null, "email": null, "note": null, "adresse_uuid": null, "geohash": null, "gps_lat": null, "gps_long": null, "uuid": "f8c96699a8d6417fbc89b2e23a07a7709579"}}, {"model": "Offer.seller", "pk": 9, "fields": {"created": "2019-06-06T08:19:31.217Z", "modified": "2019-06-06T08:19:31.217Z", "name": "OGIC", "group": null, "url": "https://www.ogic.fr/", "contact": null, "phone": null, "email": null, "note": null, "adresse_uuid": null, "geohash": null, "gps_lat": null, "gps_long": null, "uuid": "16a372803d6d43b69ee39ec75176f6c06610"}}, {"model": "Offer.seller", "pk": 10, "fields": {"created": "2019-06-06T08:23:23.954Z", "modified": "2019-06-06T08:23:23.954Z", "name": "Pitch Promotion", "group": null, "url": "https://www.logementpitchpromotion.fr/", "contact": null, "phone": null, "email": null, "note": null, "adresse_uuid": null, "geohash": null, "gps_lat": null, "gps_long": null, "uuid": "77578b623089406abfcaefc11edb50636246"}}, {"model": "Offer.seller", "pk": 11, "fields": {"created": "2019-06-06T12:43:38.354Z", "modified": "2019-06-06T12:43:38.354Z", "name": "Arcade", "group": null, "url": "http://www.groupe-arcade.com/#modalvyv", "contact": null, "phone": null, "email": null, "note": null, "adresse_uuid": null, "geohash": null, "gps_lat": null, "gps_long": null, "uuid": "58655216a0304c1497718f5cafa544756369"}}, {"model": "Offer.seller", "pk": 12, "fields": {"created": "2019-06-06T15:09:45.817Z", "modified": "2019-06-06T15:09:45.817Z", "name": "EIFFAGE IMMOBILIER", "group": null, "url": "https://www.eiffage.com/", "contact": null, "phone": null, "email": null, "note": null, "adresse_uuid": null, "geohash": null, "gps_lat": null, "gps_long": null, "uuid": "e1cc9abcfcd7498c883774c0aa9dab5c6665"}}, {"model": "Offer.seller", "pk": 13, "fields": {"created": "2019-06-06T15:20:40.835Z", "modified": "2019-06-06T15:20:40.835Z", "name": "FAUBOURG IMMOBILIER", "group": null, "url": "https://www.faubourg-immobilier.com/", "contact": null, "phone": null, "email": null, "note": null, "adresse_uuid": null, "geohash": null, "gps_lat": null, "gps_long": null, "uuid": "4e8ec1b968eb4e01be2d4d83f17148328202"}}, {"model": "Offer.seller", "pk": 14, "fields": {"created": "2019-06-06T15:32:12.843Z", "modified": "2019-06-06T15:32:12.843Z", "name": "FRANCO SUISSE", "group": null, "url": "https://www.franco-suisse.fr/", "contact": null, "phone": null, "email": null, "note": null, "adresse_uuid": null, "geohash": null, "gps_lat": null, "gps_long": null, "uuid": "ba88f7d4fdbc44ac8bd487bcaa709ff25529"}}, {"model": "Offer.seller", "pk": 15, "fields": {"created": "2019-06-06T15:38:13.841Z", "modified": "2019-06-06T15:38:13.841Z", "name": "SOGEPROM IDF", "group": null, "url": "http://www.sogeprom.fr/", "contact": null, "phone": null, "email": null, "note": null, "adresse_uuid": null, "geohash": null, "gps_lat": null, "gps_long": null, "uuid": "2f7b36320fc14be885728abd4b2c011f8803"}}, {"model": "Offer.seller", "pk": 16, "fields": {"created": "2019-06-06T15:52:54.380Z", "modified": "2019-06-06T15:52:54.380Z", "name": "ARCHE PROMOTION", "group": null, "url": "https://www.archepromotion.com", "contact": null, "phone": null, "email": null, "note": null, "adresse_uuid": null, "geohash": null, "gps_lat": null, "gps_long": null, "uuid": "32bda1778b3042c9937a97446bff64af5451"}}, {"model": "Offer.seller", "pk": 17, "fields": {"created": "2019-06-06T16:01:03.632Z", "modified": "2019-06-06T16:01:03.632Z", "name": "BNP PARIBAS IMMOBILIER", "group": null, "url": "https://logement.bnpparibas.fr", "contact": null, "phone": null, "email": null, "note": null, "adresse_uuid": null, "geohash": null, "gps_lat": null, "gps_long": null, "uuid": "1839b1fd9c7b42e4ba732437185019a88724"}}, {"model": "Offer.seller", "pk": 18, "fields": {"created": "2019-06-07T07:57:49.928Z", "modified": "2019-06-07T07:57:49.928Z", "name": "ATLAND DEVELOPPEMENT", "group": null, "url": "https://www.atland.fr", "contact": null, "phone": null, "email": null, "note": null, "adresse_uuid": null, "geohash": null, "gps_lat": null, "gps_long": null, "uuid": "7faab870e90145e398192b2821a828718721"}}, {"model": "Offer.seller", "pk": 19, "fields": {"created": "2019-06-07T08:50:06.353Z", "modified": "2019-06-07T08:50:06.353Z", "name": "PATR'IMMO", "group": null, "url": "http://www.patr-immo.com", "contact": null, "phone": null, "email": null, "note": null, "adresse_uuid": null, "geohash": null, "gps_lat": null, "gps_long": null, "uuid": "cbb13fb6fc404f9ebadcd06353850b0c5360"}}, {"model": "Offer.seller", "pk": 20, "fields": {"created": "2019-06-07T09:15:53.719Z", "modified": "2019-06-07T09:15:53.719Z", "name": "ICADE", "group": null, "url": "http://www.icade-immobilier.com", "contact": null, "phone": null, "email": null, "note": null, "adresse_uuid": null, "geohash": null, "gps_lat": null, "gps_long": null, "uuid": "02c9ae5f66b54bf6ab6fc359bf3816728234"}}, {"model": "Offer.buyplan", "pk": 3, "fields": {"catOne": null, "catTwo": null, "created": "2019-06-05T19:53:53.134Z", "modified": "2019-06-06T18:11:17.849Z", "dateAd": null, "name": "Le Fairway", "geoHash": "u09mqsrj7", "gpsLat": null, "gpsLong": null, "commune": "Guyancourt", "postal_code": "78280", "m2": null, "m2_1": null, "adresse_uuid": null, "seller": 1, "urlOffer": "https://immobilierneuf.leboncoin.fr/annonce/372/programme-neuf/appartement-guyancourt-78280/21658.html", "note": null, "description": null, "piece": 2, "chambre": null, "available": false, "price": 189720.0, "ref1": null, "ref2": null, "score": null, "origin": null, "uuid": "920d43e09b424270a4618ba8c8153bdc4886", "norm": [], "equipment": [], "pic": []}}, {"model": "Offer.buyplan", "pk": 4, "fields": {"catOne": null, "catTwo": null, "created": "2019-06-05T20:29:15.601Z", "modified": "2019-06-06T18:11:43.956Z", "dateAd": null, "name": "TERRASSES DE L'ABBAYE A CHELLES", "geoHash": "u09y4cu6u", "gpsLat": null, "gpsLong": null, "commune": "Chelles", "postal_code": "77500", "m2": null, "m2_1": null, "adresse_uuid": null, "seller": 2, "urlOffer": "https://immobilierneuf.leboncoin.fr/annonce/360/programme-neuf/appartement-chelles-77500/18922.html", "note": null, "description": null, "piece": 2, "chambre": null, "available": false, "price": 213000.0, "ref1": null, "ref2": null, "score": null, "origin": null, "uuid": "ff5c9c9204c148fb9083bfaa17679d8f6743", "norm": [], "equipment": [], "pic": []}}, {"model": "Offer.buyplan", "pk": 6, "fields": {"catOne": null, "catTwo": null, "created": "2019-06-05T20:38:07.655Z", "modified": "2019-06-06T18:12:07.084Z", "dateAd": null, "name": "Chelles -Villa Louise Adelaide", "geoHash": "u09y4cu6u", "gpsLat": null, "gpsLong": null, "commune": "Chelles", "postal_code": "77500", "m2": null, "m2_1": null, "adresse_uuid": null, "seller": 3, "urlOffer": "https://immobilierneuf.leboncoin.fr/annonce/284/programme-neuf/appartement-chelles-77500/12840.html", "note": null, "description": null, "piece": 2, "chambre": null, "available": false, "price": 219000.0, "ref1": null, "ref2": null, "score": null, "origin": null, "uuid": "458b420ae14d445a882c88da01a0aa264372", "norm": [], "equipment": [], "pic": []}}, {"model": "Offer.buyplan", "pk": 7, "fields": {"catOne": null, "catTwo": null, "created": "2019-06-05T20:42:27.895Z", "modified": "2019-06-06T18:12:19.547Z", "dateAd": null, "name": "R\u00e9sidence Cala", "geoHash": "u09y4cu6u", "gpsLat": null, "gpsLong": null, "commune": "Chelles", "postal_code": "77500", "m2": null, "m2_1": null, "adresse_uuid": null, "seller": 4, "urlOffer": "https://immobilierneuf.leboncoin.fr/annonce/366/programme-neuf/appartement-chelles-77500/20376.html", "note": null, "description": null, "piece": 4, "chambre": null, "available": false, "price": 435000.0, "ref1": null, "ref2": null, "score": null, "origin": null, "uuid": "2077ef7da92f42d198eadc742327ba531774", "norm": [], "equipment": [], "pic": []}}, {"model": "Offer.buyplan", "pk": 8, "fields": {"catOne": null, "catTwo": null, "created": "2019-06-05T20:45:30.363Z", "modified": "2019-06-06T18:12:44.284Z", "dateAd": null, "name": "LE CLOS DU CANAL", "geoHash": "u09y4cu6u", "gpsLat": null, "gpsLong": null, "commune": "Chelles", "postal_code": "77500", "m2": null, "m2_1": null, "adresse_uuid": null, "seller": 5, "urlOffer": "https://immobilierneuf.leboncoin.fr/annonce/360/programme-neuf/appartement-chelles-77500/18681.html", "note": null, "description": null, "piece": 2, "chambre": null, "available": false, "price": 227000.0, "ref1": null, "ref2": null, "score": null, "origin": null, "uuid": "7d90d452f4c340ccaa9b8df38e663a124658", "norm": [], "equipment": [], "pic": []}}, {"model": "Offer.buyplan", "pk": 9, "fields": {"catOne": null, "catTwo": null, "created": "2019-06-05T20:51:53.993Z", "modified": "2019-06-06T18:13:32.986Z", "dateAd": null, "name": "Westing'Garden", "geoHash": "u09y3hy76", "gpsLat": null, "gpsLong": null, "commune": "Sevran", "postal_code": "93270", "m2": null, "m2_1": null, "adresse_uuid": null, "seller": 6, "urlOffer": "https://immobilierneuf.leboncoin.fr/annonce/358/programme-neuf/appartement-sevran-93270/17877.html", "note": null, "description": null, "piece": 2, "chambre": null, "available": false, "price": 144000.0, "ref1": null, "ref2": null, "score": null, "origin": null, "uuid": "7c4920c3d87e47ba979c22397c9171844908", "norm": [], "equipment": [], "pic": []}}, {"model": "Offer.buyplan", "pk": 10, "fields": {"catOne": null, "catTwo": null, "created": "2019-06-05T20:53:12.948Z", "modified": "2019-06-06T18:15:39.125Z", "dateAd": null, "name": "Stud'Westing", "geoHash": "u09y3hy76", "gpsLat": null, "gpsLong": null, "commune": "Sevran", "postal_code": "93270", "m2": null, "m2_1": null, "adresse_uuid": null, "seller": 6, "urlOffer": "https://immobilierneuf.leboncoin.fr/annonce/369/programme-neuf/appartement-sevran-93270/21133.html", "note": null, "description": null, "piece": 2, "chambre": null, "available": false, "price": null, "ref1": null, "ref2": null, "score": null, "origin": null, "uuid": "4118644b572542598a11304d82b7d0649713", "norm": [], "equipment": [], "pic": []}}, {"model": "Offer.buyplan", "pk": 11, "fields": {"catOne": null, "catTwo": null, "created": "2019-06-05T20:56:14.409Z", "modified": "2019-06-06T18:16:12.667Z", "dateAd": null, "name": "R\u00e9sidence Cr\u00e9tier", "geoHash": "u09y3t1dr", "gpsLat": null, "gpsLong": null, "commune": "Sevran", "postal_code": "93270", "m2": null, "m2_1": null, "adresse_uuid": null, "seller": 7, "urlOffer": "https://immobilierneuf.leboncoin.fr/annonce/328/programme-neuf/appartement-sevran-93270/15610.html", "note": null, "description": null, "piece": 2, "chambre": null, "available": false, "price": 154600.0, "ref1": null, "ref2": null, "score": null, "origin": null, "uuid": "c2b82f27e6914e9599613d01aae7595c2193", "norm": [], "equipment": [], "pic": []}}, {"model": "Offer.buyplan", "pk": 12, "fields": {"catOne": null, "catTwo": null, "created": "2019-06-05T21:08:26.253Z", "modified": "2019-06-06T18:16:57.375Z", "dateAd": null, "name": "VILLA DES SOURCES", "geoHash": "u09mqqvn5", "gpsLat": null, "gpsLong": null, "commune": "Guyancourt", "postal_code": "78280", "m2": null, "m2_1": null, "adresse_uuid": null, "seller": 2, "urlOffer": "https://immobilierneuf.leboncoin.fr/annonce/360/programme-neuf/appartement-guyancourt-78280/19037.html", "note": null, "description": null, "piece": 2, "chambre": null, "available": false, "price": 271000.0, "ref1": null, "ref2": null, "score": null, "origin": null, "uuid": "7bb4d5f23c354b72bfa0b65ea9ea8ea91164", "norm": [], "equipment": [], "pic": []}}, {"model": "Offer.buyplan", "pk": 13, "fields": {"catOne": null, "catTwo": null, "created": "2019-06-05T21:16:49.143Z", "modified": "2019-06-06T18:18:02.362Z", "dateAd": null, "name": "All\u00e9e du parc", "geoHash": "u09t5nrgk", "gpsLat": null, "gpsLong": null, "commune": "Massy", "postal_code": "91300", "m2": null, "m2_1": null, "adresse_uuid": null, "seller": 8, "urlOffer": "https://immobilierneuf.leboncoin.fr/annonce/378/programme-neuf/appartement-massy-91300/23528.html", "note": null, "description": null, "piece": 2, "chambre": null, "available": false, "price": 237500.0, "ref1": null, "ref2": null, "score": null, "origin": null, "uuid": "35f5637b5cf64ac283cf6adb8dcc52151947", "norm": [], "equipment": [], "pic": []}}, {"model": "Offer.buyplan", "pk": 14, "fields": {"catOne": null, "catTwo": null, "created": "2019-06-05T21:21:43.934Z", "modified": "2019-06-06T18:18:46.740Z", "dateAd": null, "name": "S\u00e9quences", "geoHash": "u09wxjt9w", "gpsLat": null, "gpsLong": null, "commune": "Gonesse", "postal_code": "95500", "m2": null, "m2_1": null, "adresse_uuid": null, "seller": 1, "urlOffer": "https://immobilierneuf.leboncoin.fr/annonce/372/programme-neuf/appartement-gonesse-95500/21653.html", "note": null, "description": null, "piece": 2, "chambre": null, "available": false, "price": 124000.0, "ref1": null, "ref2": null, "score": null, "origin": null, "uuid": "f779e21cd61044a6ad53b2a8262624525511", "norm": [], "equipment": [], "pic": []}}, {"model": "Offer.buyplan", "pk": 15, "fields": {"catOne": null, "catTwo": null, "created": "2019-06-05T21:22:58.711Z", "modified": "2019-06-06T18:19:32.574Z", "dateAd": null, "name": "URBAN VILLAGE", "geoHash": "u09wxjt9w", "gpsLat": null, "gpsLong": null, "commune": "Gonesse", "postal_code": "95500", "m2": null, "m2_1": null, "adresse_uuid": null, "seller": 2, "urlOffer": "https://immobilierneuf.leboncoin.fr/annonce/373/programme-neuf/appartement+maison-gonesse-95500/21951.html", "note": null, "description": null, "piece": 2, "chambre": null, "available": false, "price": 168000.0, "ref1": null, "ref2": null, "score": null, "origin": null, "uuid": "16aa8a31ba61413ab56232de375abfa48070", "norm": [], "equipment": [], "pic": []}}, {"model": "Offer.buyplan", "pk": 16, "fields": {"catOne": null, "catTwo": null, "created": "2019-06-05T21:24:49.480Z", "modified": "2019-06-06T18:19:58.842Z", "dateAd": null, "name": "CITY PARK", "geoHash": "u09wxjt9w", "gpsLat": null, "gpsLong": null, "commune": "Gonesse", "postal_code": "95500", "m2": null, "m2_1": null, "adresse_uuid": null, "seller": 5, "urlOffer": "https://immobilierneuf.leboncoin.fr/annonce/360/programme-neuf/appartement-gonesse-95500/18626.html", "note": null, "description": null, "piece": 2, "chambre": null, "available": false, "price": 159242.0, "ref1": null, "ref2": null, "score": null, "origin": null, "uuid": "cc2e07b950f944f689204271ba2c394b5103", "norm": [], "equipment": [], "pic": []}}, {"model": "Offer.buyplan", "pk": 17, "fields": {"catOne": null, "catTwo": null, "created": "2019-06-06T07:50:33.362Z", "modified": "2019-06-06T18:20:43.789Z", "dateAd": null, "name": "LE CLOS DUROY", "geoHash": "u09wrt983", "gpsLat": null, "gpsLong": null, "commune": "Le Blanc-Mesnil", "postal_code": "93150", "m2": null, "m2_1": null, "adresse_uuid": null, "seller": 2, "urlOffer": "https://immobilierneuf.leboncoin.fr/annonce/360/programme-neuf/appartement-le-blanc-mesnil-93150/19042.html", "note": null, "description": null, "piece": 2, "chambre": null, "available": false, "price": 155000.0, "ref1": null, "ref2": null, "score": null, "origin": null, "uuid": "00b11a976efd4c25802b04f3271daa7f5906", "norm": [], "equipment": [], "pic": []}}, {"model": "Offer.buyplan", "pk": 18, "fields": {"catOne": null, "catTwo": null, "created": "2019-06-06T07:53:10.240Z", "modified": "2019-06-06T18:21:14.709Z", "dateAd": null, "name": "LE HAMEAU DU CLOCHER", "geoHash": "u09wrs8z1", "gpsLat": null, "gpsLong": null, "commune": "Le Blanc-Mesnil", "postal_code": "93150", "m2": null, "m2_1": null, "adresse_uuid": null, "seller": 5, "urlOffer": "https://immobilierneuf.leboncoin.fr/annonce/382/programme-neuf/appartement-le-blanc-mesnil-93150/24103.html", "note": null, "description": null, "piece": 2, "chambre": null, "available": false, "price": 178578.0, "ref1": null, "ref2": null, "score": null, "origin": null, "uuid": "ec2decc5a2bf449c83588dfff05d017b3841", "norm": [], "equipment": [], "pic": []}}, {"model": "Offer.buyplan", "pk": 19, "fields": {"catOne": null, "catTwo": null, "created": "2019-06-06T07:56:20.747Z", "modified": "2019-06-06T18:21:43.309Z", "dateAd": null, "name": "La Seigneurie", "geoHash": "u09y2he05", "gpsLat": null, "gpsLong": null, "commune": "Le Blanc-Mesnil", "postal_code": "93150", "m2": null, "m2_1": null, "adresse_uuid": null, "seller": 7, "urlOffer": "https://immobilierneuf.leboncoin.fr/annonce/323/programme-neuf/appartement-le-blanc-mesnil-93150/15141.html", "note": null, "description": null, "piece": 2, "chambre": null, "available": false, "price": 164900.0, "ref1": null, "ref2": null, "score": null, "origin": null, "uuid": "85691fa7df2a404a9efde74612b44a235150", "norm": [], "equipment": [], "pic": []}}, {"model": "Offer.buyplan", "pk": 20, "fields": {"catOne": null, "catTwo": null, "created": "2019-06-06T08:09:13.833Z", "modified": "2019-06-06T18:22:26.840Z", "dateAd": null, "name": "NOVELIA", "geoHash": "u09y2y7qp", "gpsLat": null, "gpsLong": null, "commune": "Aulnay-sous-Bois", "postal_code": "93600", "m2": null, "m2_1": null, "adresse_uuid": null, "seller": 3, "urlOffer": "https://immobilierneuf.leboncoin.fr/annonce/377/programme-neuf/appartement-aulnay-sous-bois-93600/22368.html", "note": null, "description": null, "piece": 2, "chambre": null, "available": false, "price": 145942.0, "ref1": null, "ref2": null, "score": null, "origin": null, "uuid": "70a5599cfa48458caa60dca5705d1f825129", "norm": [], "equipment": [], "pic": []}}, {"model": "Offer.buyplan", "pk": 21, "fields": {"catOne": null, "catTwo": null, "created": "2019-06-06T08:16:46.853Z", "modified": "2019-06-06T18:23:23.939Z", "dateAd": null, "name": "S\u00e9r\u00e9nia", "geoHash": "u09w7dqmg", "gpsLat": null, "gpsLong": null, "commune": "Bois-Colombes", "postal_code": "92270", "m2": null, "m2_1": null, "adresse_uuid": null, "seller": 3, "urlOffer": "https://immobilierneuf.leboncoin.fr/annonce/337/programme-neuf/appartement-bois-colombes-92270/16093.html", "note": null, "description": null, "piece": 2, "chambre": null, "available": false, "price": 334963.0, "ref1": null, "ref2": null, "score": null, "origin": null, "uuid": "43a232586ca14ae6969a9fdeb991aced4089", "norm": [], "equipment": [], "pic": []}}, {"model": "Offer.buyplan", "pk": 22, "fields": {"catOne": null, "catTwo": null, "created": "2019-06-06T08:22:01.346Z", "modified": "2019-06-06T18:24:03.879Z", "dateAd": null, "name": "EMPREINTE", "geoHash": "u09w4z72t", "gpsLat": null, "gpsLong": null, "commune": "La Garenne-Colombes", "postal_code": "92250", "m2": null, "m2_1": null, "adresse_uuid": null, "seller": 9, "urlOffer": "https://immobilierneuf.leboncoin.fr/annonce/327/programme-neuf/appartement-la-garenne-colombes-92250/15435.html", "note": null, "description": null, "piece": 2, "chambre": null, "available": false, "price": 318000.0, "ref1": null, "ref2": null, "score": null, "origin": null, "uuid": "1a12a311e6dc45879604ba0c3dab1af93718", "norm": [], "equipment": [], "pic": []}}, {"model": "Offer.buyplan", "pk": 23, "fields": {"catOne": null, "catTwo": null, "created": "2019-06-06T08:26:44.823Z", "modified": "2019-06-06T18:24:31.005Z", "dateAd": null, "name": "L'ENTRACT'", "geoHash": "u09w4ycce", "gpsLat": null, "gpsLong": null, "commune": "La Garenne-Colombes", "postal_code": "92250", "m2": null, "m2_1": null, "adresse_uuid": null, "seller": 10, "urlOffer": "https://immobilierneuf.leboncoin.fr/annonce/376/programme-neuf/appartement-la-garenne-colombes-92250/22282.html", "note": null, "description": null, "piece": 2, "chambre": null, "available": false, "price": 300000.0, "ref1": null, "ref2": null, "score": null, "origin": null, "uuid": "82cead9417974a16bc5c9280dc8beea09141", "norm": [], "equipment": [], "pic": []}}, {"model": "Offer.buyplan", "pk": 24, "fields": {"catOne": null, "catTwo": null, "created": "2019-06-06T08:29:10.919Z", "modified": "2019-06-06T18:25:09.983Z", "dateAd": null, "name": "R\u00e9sidence Jos\u00e9phine", "geoHash": "u09w4z72t", "gpsLat": null, "gpsLong": null, "commune": "La Garenne-Colombes", "postal_code": "92250", "m2": null, "m2_1": null, "adresse_uuid": null, "seller": 6, "urlOffer": "https://immobilierneuf.leboncoin.fr/annonce/358/programme-neuf/appartement-la-garenne-colombes-92250/17880.html", "note": null, "description": null, "piece": 2, "chambre": null, "available": false, "price": 350000.0, "ref1": null, "ref2": null, "score": null, "origin": null, "uuid": "4abcd6a159314f4c8ece82e2b45c7cf63334", "norm": [], "equipment": [], "pic": []}}, {"model": "Offer.buyplan", "pk": 25, "fields": {"catOne": null, "catTwo": null, "created": "2019-06-06T08:36:00.200Z", "modified": "2019-06-06T18:25:52.617Z", "dateAd": null, "name": "R\u00c9F\u00c9RENCIEL", "geoHash": "u09tcrtqb", "gpsLat": null, "gpsLong": null, "commune": "Rueil-Malmaison", "postal_code": "92500", "m2": null, "m2_1": null, "adresse_uuid": null, "seller": 10, "urlOffer": "https://immobilierneuf.leboncoin.fr/annonce/374/programme-neuf/appartement-rueil-malmaison-92500/22056.html", "note": null, "description": null, "piece": 2, "chambre": null, "available": false, "price": 285000.0, "ref1": null, "ref2": null, "score": null, "origin": null, "uuid": "3f44cceacfc94c55ba564b90ea282c155163", "norm": [], "equipment": [], "pic": []}}, {"model": "Offer.buyplan", "pk": 26, "fields": {"catOne": null, "catTwo": null, "created": "2019-06-06T08:38:26.303Z", "modified": "2019-06-06T18:26:26.242Z", "dateAd": null, "name": "Carr\u00e9 de l'Arsenal", "geoHash": "u09tcrtqb", "gpsLat": null, "gpsLong": null, "commune": "Rueil-Malmaison", "postal_code": "92500", "m2": null, "m2_1": null, "adresse_uuid": null, "seller": 8, "urlOffer": "https://immobilierneuf.leboncoin.fr/annonce/378/programme-neuf/appartement-rueil-malmaison-92500/23525.html", "note": null, "description": null, "piece": 2, "chambre": null, "available": false, "price": 294000.0, "ref1": null, "ref2": null, "score": null, "origin": null, "uuid": "c542053136af4e16a976c8abab5c70db8746", "norm": [], "equipment": [], "pic": []}}, {"model": "Offer.buyplan", "pk": 27, "fields": {"catOne": null, "catTwo": null, "created": "2019-06-06T08:40:20.075Z", "modified": "2019-06-06T18:27:06.478Z", "dateAd": null, "name": "DOMAINE RICHELIEU", "geoHash": "u09tcrtqb", "gpsLat": null, "gpsLong": null, "commune": "Rueil-Malmaison", "postal_code": "92500", "m2": null, "m2_1": null, "adresse_uuid": null, "seller": 2, "urlOffer": "https://immobilierneuf.leboncoin.fr/annonce/360/programme-neuf/appartement-rueil-malmaison-92500/19309.html", "note": null, "description": null, "piece": 2, "chambre": null, "available": false, "price": 324000.0, "ref1": null, "ref2": null, "score": null, "origin": null, "uuid": "ff4264095f424f00a70b5dd777470f628996", "norm": [], "equipment": [], "pic": []}}, {"model": "Offer.buyplan", "pk": 28, "fields": {"catOne": null, "catTwo": null, "created": "2019-06-06T08:45:52.279Z", "modified": "2019-06-06T18:27:39.876Z", "dateAd": null, "name": "ENTREVUES", "geoHash": "u09tf70rs", "gpsLat": null, "gpsLong": null, "commune": "Saint-Cloud", "postal_code": "92210", "m2": null, "m2_1": null, "adresse_uuid": null, "seller": 10, "urlOffer": "https://immobilierneuf.leboncoin.fr/annonce/314/programme-neuf/appartement-saint-cloud-92210/14420.html", "note": null, "description": null, "piece": 2, "chambre": null, "available": false, "price": 399000.0, "ref1": null, "ref2": null, "score": null, "origin": null, "uuid": "15b6dd24996e4799b2516a07bebae5577282", "norm": [], "equipment": [], "pic": []}}, {"model": "Offer.buyplan", "pk": 29, "fields": {"catOne": null, "catTwo": null, "created": "2019-06-06T08:51:29.413Z", "modified": "2019-06-06T18:28:17.279Z", "dateAd": null, "name": "TEMPO", "geoHash": "u09tmmrzs", "gpsLat": null, "gpsLong": null, "commune": "Chevilly-Larue", "postal_code": "94550", "m2": null, "m2_1": null, "adresse_uuid": null, "seller": 2, "urlOffer": "https://immobilierneuf.leboncoin.fr/annonce/360/programme-neuf/appartement-chevilly-larue-94550/19000.html", "note": null, "description": null, "piece": 2, "chambre": null, "available": false, "price": 217000.0, "ref1": null, "ref2": null, "score": null, "origin": null, "uuid": "f731b9bcc96c40729bd34767cc1dbecf7547", "norm": [], "equipment": [], "pic": []}}, {"model": "Offer.buyplan", "pk": 30, "fields": {"catOne": null, "catTwo": null, "created": "2019-06-06T08:52:36.888Z", "modified": "2019-06-06T18:28:41.561Z", "dateAd": null, "name": "LE HAMMEAU DES ROSES", "geoHash": "u09tmmrzs", "gpsLat": null, "gpsLong": null, "commune": "Chevilly-Larue", "postal_code": "94550", "m2": null, "m2_1": null, "adresse_uuid": null, "seller": 5, "urlOffer": "https://immobilierneuf.leboncoin.fr/annonce/381/programme-neuf/appartement-chevilly-larue-94550/24000.html", "note": null, "description": null, "piece": 2, "chambre": null, "available": false, "price": 205000.0, "ref1": null, "ref2": null, "score": null, "origin": null, "uuid": "cc6e7eed396e474eb1366bac40d21eac7608", "norm": [], "equipment": [], "pic": []}}, {"model": "Offer.buyplan", "pk": 31, "fields": {"catOne": null, "catTwo": null, "created": "2019-06-06T08:57:08.439Z", "modified": "2019-06-06T17:52:49.689Z", "dateAd": null, "name": "Pavillon du Parc", "geoHash": "u09tk4y4m", "gpsLat": null, "gpsLong": null, "commune": "Antony", "postal_code": "92", "m2": null, "m2_1": null, "adresse_uuid": null, "seller": 7, "urlOffer": "https://immobilierneuf.leboncoin.fr/annonce/356/programme-neuf/appartement-antony-92160/17308.html", "note": null, "description": null, "piece": 2, "chambre": null, "available": false, "price": 229500.0, "ref1": null, "ref2": null, "score": null, "origin": null, "uuid": "d5fe0adc573d488caa89575e59cfb11f9149", "norm": [], "equipment": [], "pic": []}}, {"model": "Offer.buyplan", "pk": 32, "fields": {"catOne": null, "catTwo": null, "created": "2019-06-06T08:58:50.586Z", "modified": "2019-06-06T17:52:31.654Z", "dateAd": null, "name": "L'AIR DU TEMPS", "geoHash": "u09tk4y4m", "gpsLat": null, "gpsLong": null, "commune": "Antony", "postal_code": "92", "m2": null, "m2_1": null, "adresse_uuid": null, "seller": 5, "urlOffer": "https://immobilierneuf.leboncoin.fr/annonce/360/programme-neuf/appartement-antony-92160/18645.html", "note": null, "description": null, "piece": 3, "chambre": null, "available": false, "price": 384500.0, "ref1": null, "ref2": null, "score": null, "origin": null, "uuid": "57aa5d9ef834446b82f07bd0ab05b9849725", "norm": [], "equipment": [], "pic": []}}, {"model": "Offer.buyplan", "pk": 33, "fields": {"catOne": null, "catTwo": null, "created": "2019-06-06T09:03:43.533Z", "modified": "2019-06-06T17:54:05.520Z", "dateAd": null, "name": "Avenue Lecomte", "geoHash": "u09vccj3d", "gpsLat": null, "gpsLong": null, "commune": "Villiers-sur-Marne", "postal_code": "94", "m2": null, "m2_1": null, "adresse_uuid": null, "seller": 8, "urlOffer": "https://immobilierneuf.leboncoin.fr/annonce/378/programme-neuf/appartement-villiers-sur-marne-94350/23561.html", "note": null, "description": null, "piece": 2, "chambre": null, "available": false, "price": 268000.0, "ref1": null, "ref2": null, "score": null, "origin": null, "uuid": "8b7bd7ac07f74fc1ad28a8e6beeb68348111", "norm": [], "equipment": [], "pic": []}}, {"model": "Offer.buyplan", "pk": 34, "fields": {"catOne": null, "catTwo": null, "created": "2019-06-06T09:07:04.420Z", "modified": "2019-06-06T17:54:53.139Z", "dateAd": null, "name": "Le Clos des Vignes", "geoHash": "u09v9z0ed", "gpsLat": null, "gpsLong": null, "commune": "Villiers-sur-Marne", "postal_code": "94", "m2": null, "m2_1": null, "adresse_uuid": null, "seller": 7, "urlOffer": "https://immobilierneuf.leboncoin.fr/annonce/321/programme-neuf/appartement-villiers-sur-marne-94350/15069.html", "note": null, "description": null, "piece": 2, "chambre": null, "available": false, "price": 229000.0, "ref1": null, "ref2": null, "score": null, "origin": null, "uuid": "2fee3093b77041dcb079d836f359f3808209", "norm": [], "equipment": [], "pic": []}}, {"model": "Offer.buyplan", "pk": 35, "fields": {"catOne": null, "catTwo": null, "created": "2019-06-06T09:09:49.705Z", "modified": "2019-06-06T17:55:41.415Z", "dateAd": null, "name": "HESTIA", "geoHash": "u09v9nvj9", "gpsLat": null, "gpsLong": null, "commune": "Champigny-sur-Marne", "postal_code": "94500", "m2": null, "m2_1": null, "adresse_uuid": null, "seller": 5, "urlOffer": "https://immobilierneuf.leboncoin.fr/annonce/385/programme-neuf/appartement-champigny-sur-marne-94500/24747.html", "note": null, "description": null, "piece": 2, "chambre": null, "available": false, "price": 209000.0, "ref1": null, "ref2": null, "score": null, "origin": null, "uuid": "7ec1800cdaa244cda3807088a6e6c2684217", "norm": [], "equipment": [], "pic": []}}, {"model": "Offer.buyplan", "pk": 36, "fields": {"catOne": null, "catTwo": null, "created": "2019-06-06T09:11:00.343Z", "modified": "2019-06-06T17:56:15.434Z", "dateAd": null, "name": "OPEN 7.", "geoHash": "u09v9nvj9", "gpsLat": null, "gpsLong": null, "commune": "Champigny-sur-Marne", "postal_code": "94500", "m2": null, "m2_1": null, "adresse_uuid": null, "seller": 2, "urlOffer": "https://immobilierneuf.leboncoin.fr/annonce/380/programme-neuf/appartement-champigny-sur-marne-94500/23858.html", "note": null, "description": null, "piece": 2, "chambre": null, "available": false, "price": 190000.0, "ref1": null, "ref2": null, "score": null, "origin": null, "uuid": "530644bff9a442de8187121a23ca21787655", "norm": [], "equipment": [], "pic": []}}, {"model": "Offer.buyplan", "pk": 37, "fields": {"catOne": null, "catTwo": null, "created": "2019-06-06T09:12:08.604Z", "modified": "2019-06-06T17:56:48.358Z", "dateAd": null, "name": "Le Central", "geoHash": "u09v9nvj9", "gpsLat": null, "gpsLong": null, "commune": "Champigny-sur-Marne", "postal_code": "94500", "m2": null, "m2_1": null, "adresse_uuid": null, "seller": 6, "urlOffer": "https://immobilierneuf.leboncoin.fr/annonce/379/programme-neuf/appartement-champigny-sur-marne-94500/23760.html", "note": null, "description": null, "piece": 2, "chambre": null, "available": false, "price": 192000.0, "ref1": null, "ref2": null, "score": null, "origin": null, "uuid": "744cc4ad99bc46009c8bf1f62f0a0af38760", "norm": [], "equipment": [], "pic": []}}, {"model": "Offer.buyplan", "pk": 38, "fields": {"catOne": null, "catTwo": null, "created": "2019-06-06T09:13:58.938Z", "modified": "2019-06-06T17:57:17.208Z", "dateAd": null, "name": "Parenth\u00e8se verte", "geoHash": "u09v9nvj9", "gpsLat": null, "gpsLong": null, "commune": "Champigny-sur-Marne", "postal_code": "94500", "m2": null, "m2_1": null, "adresse_uuid": null, "seller": 6, "urlOffer": "https://immobilierneuf.leboncoin.fr/annonce/358/programme-neuf/appartement-champigny-sur-marne-94500/17884.html", "note": null, "description": null, "piece": 2, "chambre": null, "available": false, "price": 171300.0, "ref1": null, "ref2": null, "score": null, "origin": null, "uuid": "007c9f26671b466a8bad823776b7d3a76535", "norm": [], "equipment": [], "pic": []}}, {"model": "Offer.buyplan", "pk": 41, "fields": {"catOne": null, "catTwo": null, "created": "2019-06-06T12:52:29.586Z", "modified": "2019-06-06T17:58:38.721Z", "dateAd": null, "name": "HORIZON", "geoHash": null, "gpsLat": "48.930038", "gpsLong": "2.384690", "commune": "La Courneuve", "postal_code": "93", "m2": null, "m2_1": null, "adresse_uuid": null, "seller": 11, "urlOffer": "https://immobilierneuf.leboncoin.fr/annonce/369/programme-neuf/appartement-la-courneuve-93120/21119.html", "note": null, "description": null, "piece": 2, "chambre": null, "available": false, "price": 156000.0, "ref1": null, "ref2": null, "score": null, "origin": null, "uuid": "c137ab3ddf0f4fa188d357ecb5196d554414", "norm": [], "equipment": [], "pic": []}}, {"model": "Offer.buyplan", "pk": 43, "fields": {"catOne": null, "catTwo": null, "created": "2019-06-06T15:12:29.707Z", "modified": "2019-06-06T17:59:43.099Z", "dateAd": null, "name": "LES TERRASSES MAGELLAN", "geoHash": null, "gpsLat": "48.832632", "gpsLong": "2.520919", "commune": "Noisy-le-Grand", "postal_code": "93160", "m2": 43, "m2_1": null, "adresse_uuid": null, "seller": 12, "urlOffer": "https://immobilierneuf.leboncoin.fr/annonce/373/programme-neuf/appartement-noisy-le-grand-93160/21806.html", "note": null, "description": null, "piece": 2, "chambre": null, "available": false, "price": 187500.0, "ref1": null, "ref2": null, "score": null, "origin": null, "uuid": "19810e23b2ef497eaf2292ca3d9ec1385002", "norm": [], "equipment": [], "pic": []}}, {"model": "Offer.buyplan", "pk": 44, "fields": {"catOne": null, "catTwo": null, "created": "2019-06-06T15:22:58.171Z", "modified": "2019-06-06T18:00:32.256Z", "dateAd": null, "name": "LES TERRASSES DE BRY", "geoHash": null, "gpsLat": "48.837647", "gpsLong": "2.518107", "commune": "Bry-sur-Marne", "postal_code": "94360", "m2": 42, "m2_1": null, "adresse_uuid": null, "seller": 13, "urlOffer": "https://immobilierneuf.leboncoin.fr/annonce/366/programme-neuf/appartement-bry-sur-marne-94360/20481.html", "note": null, "description": null, "piece": 2, "chambre": null, "available": false, "price": 212000.0, "ref1": null, "ref2": null, "score": null, "origin": null, "uuid": "83e3874ac40b42038995c1c52b0fb95d2088", "norm": [], "equipment": [], "pic": []}}, {"model": "Offer.buyplan", "pk": 45, "fields": {"catOne": null, "catTwo": null, "created": "2019-06-06T15:28:36.408Z", "modified": "2019-06-06T18:01:19.629Z", "dateAd": null, "name": "LE CARRE DES LYS", "geoHash": null, "gpsLat": "48.791664", "gpsLong": "2.552041", "commune": "Ormesson-sur-Marne", "postal_code": "94490", "m2": 44, "m2_1": null, "adresse_uuid": null, "seller": 11, "urlOffer": "https://www.arcadepromotion.com/immobilier-neuf/le-carre-des-lys/ormesson-sur-marne/?utm_source=Leboncoin&utm_medium=cpc&utm_campaign=Ormesson", "note": null, "description": null, "piece": null, "chambre": null, "available": false, "price": 199000.0, "ref1": null, "ref2": null, "score": null, "origin": null, "uuid": "bc5cb9c6f03f4b43b79b11c17b3b69404786", "norm": [], "equipment": [], "pic": []}}, {"model": "Offer.buyplan", "pk": 46, "fields": {"catOne": null, "catTwo": null, "created": "2019-06-06T15:35:31.918Z", "modified": "2019-06-06T18:02:05.196Z", "dateAd": null, "name": "VILLA ORLANA", "geoHash": null, "gpsLat": "48.800644", "gpsLong": "2.490613", "commune": "Saint-Maur-des-Foss\u00e9s", "postal_code": "94", "m2": 54, "m2_1": null, "adresse_uuid": null, "seller": 14, "urlOffer": "https://immobilierneuf.leboncoin.fr/annonce/378/programme-neuf/appartement-saint-maur-des-fosses-94100/23470.html", "note": null, "description": null, "piece": 2, "chambre": null, "available": false, "price": 361000.0, "ref1": null, "ref2": null, "score": null, "origin": null, "uuid": "a1fb437cb51849d9b5242dd1df36e09f5217", "norm": [], "equipment": [], "pic": []}}, {"model": "Offer.buyplan", "pk": 47, "fields": {"catOne": null, "catTwo": null, "created": "2019-06-06T15:40:53.504Z", "modified": "2019-06-06T18:03:01.647Z", "dateAd": null, "name": "PRELUDE", "geoHash": null, "gpsLat": "48.779303", "gpsLong": "2.393408", "commune": "Vitry-sur-Seine", "postal_code": "94400", "m2": 77, "m2_1": null, "adresse_uuid": null, "seller": 15, "urlOffer": "https://immobilierneuf.leboncoin.fr/annonce/370/programme-neuf/appartement-vitry-sur-seine-94400/21163.html", "note": null, "description": null, "piece": 4, "chambre": null, "available": false, "price": 277499.0, "ref1": null, "ref2": null, "score": null, "origin": null, "uuid": "dc6a66af01da4a7f81112d805ce8ff0d6007", "norm": [], "equipment": [], "pic": []}}, {"model": "Offer.buyplan", "pk": 48, "fields": {"catOne": null, "catTwo": null, "created": "2019-06-06T15:43:44.532Z", "modified": "2019-06-06T18:03:54.913Z", "dateAd": null, "name": "EPICURE", "geoHash": null, "gpsLat": "48.793395", "gpsLong": "2.342453", "commune": "Villejuif", "postal_code": "94800", "m2": 42, "m2_1": null, "adresse_uuid": null, "seller": 15, "urlOffer": "https://immobilierneuf.leboncoin.fr/annonce/370/programme-neuf/appartement+maison-villejuif-94800/21159.html", "note": null, "description": null, "piece": 2, "chambre": null, "available": false, "price": 272000.0, "ref1": null, "ref2": null, "score": null, "origin": null, "uuid": "bcc171ffa84e4e8780690fae2ad732d14136", "norm": [], "equipment": [], "pic": []}}, {"model": "Offer.buyplan", "pk": 49, "fields": {"catOne": null, "catTwo": null, "created": "2019-06-06T15:49:32.090Z", "modified": "2019-06-06T18:04:27.644Z", "dateAd": null, "name": "46 REPUBLIQUE", "geoHash": null, "gpsLat": "48.788575", "gpsLong": "2.360141", "commune": "Villejuif", "postal_code": "94800", "m2": 61, "m2_1": null, "adresse_uuid": null, "seller": 11, "urlOffer": "https://immobilierneuf.leboncoin.fr/annonce/213/programme-neuf/appartement-villejuif-94800/8329.html", "note": null, "description": null, "piece": 3, "chambre": null, "available": false, "price": 330000.0, "ref1": null, "ref2": null, "score": null, "origin": null, "uuid": "3d927cba65d84cd3a42e8fa08d8640a44312", "norm": [], "equipment": [], "pic": []}}, {"model": "Offer.buyplan", "pk": 50, "fields": {"catOne": null, "catTwo": null, "created": "2019-06-06T15:55:16.992Z", "modified": "2019-06-06T18:05:11.950Z", "dateAd": null, "name": "CLAUDEL", "geoHash": null, "gpsLat": "48.790376", "gpsLong": "2.319019", "commune": "Cachan", "postal_code": "94230", "m2": 28, "m2_1": null, "adresse_uuid": null, "seller": 16, "urlOffer": "https://immobilierneuf.leboncoin.fr/annonce/386/programme-neuf/appartement-cachan-94230/24932.html", "note": null, "description": null, "piece": 1, "chambre": null, "available": false, "price": 215000.0, "ref1": null, "ref2": null, "score": null, "origin": null, "uuid": "59b740b1e6f04dd5a293e4c240b3810d4163", "norm": [], "equipment": [], "pic": []}}, {"model": "Offer.buyplan", "pk": 51, "fields": {"catOne": null, "catTwo": null, "created": "2019-06-06T15:58:43.642Z", "modified": "2019-06-06T18:05:58.243Z", "dateAd": null, "name": "HIGH GARDEN", "geoHash": null, "gpsLat": "48.804040", "gpsLong": "2.319500", "commune": "Bagneux", "postal_code": "92220", "m2": 96, "m2_1": null, "adresse_uuid": null, "seller": 3, "urlOffer": "https://immobilierneuf.leboncoin.fr/annonce/365/programme-neuf/appartement-bagneux-92220/20325.html", "note": null, "description": null, "piece": 4, "chambre": null, "available": false, "price": 585000.0, "ref1": null, "ref2": null, "score": null, "origin": null, "uuid": "23714c821d8b4a9184877ad8f8a261ee5941", "norm": [], "equipment": [], "pic": []}}, {"model": "Offer.buyplan", "pk": 52, "fields": {"catOne": null, "catTwo": null, "created": "2019-06-06T16:03:59.788Z", "modified": "2019-06-06T18:06:35.982Z", "dateAd": null, "name": "VILLA FLORE", "geoHash": null, "gpsLat": "48.799949", "gpsLong": "2.279751", "commune": "Ch\u00e2tillon", "postal_code": "92320", "m2": 33, "m2_1": null, "adresse_uuid": null, "seller": 17, "urlOffer": "https://immobilierneuf.leboncoin.fr/annonce/384/programme-neuf/appartement+maison-chatillon-92320/24401.html", "note": null, "description": null, "piece": 1, "chambre": null, "available": false, "price": 238000.0, "ref1": null, "ref2": null, "score": null, "origin": null, "uuid": "3a9d4dd998b6484396ea2690fecad0619038", "norm": [], "equipment": [], "pic": []}}, {"model": "Offer.buyplan", "pk": 53, "fields": {"catOne": null, "catTwo": null, "created": "2019-06-06T16:08:03.270Z", "modified": "2019-06-06T18:07:12.824Z", "dateAd": null, "name": "CANAL AVENUE", "geoHash": null, "gpsLat": "48.780381", "gpsLong": "2.237624", "commune": "Clamart", "postal_code": "92", "m2": 83, "m2_1": null, "adresse_uuid": null, "seller": 12, "urlOffer": "https://immobilierneuf.leboncoin.fr/annonce/373/programme-neuf/appartement-clamart-92140/21780.html", "note": null, "description": null, "piece": 4, "chambre": null, "available": false, "price": 452000.0, "ref1": null, "ref2": null, "score": null, "origin": null, "uuid": "d5c94c1bcd7a42b98d73cd4830d454539464", "norm": [], "equipment": [], "pic": []}}, {"model": "Offer.buyplan", "pk": 54, "fields": {"catOne": null, "catTwo": null, "created": "2019-06-06T16:10:58.314Z", "modified": "2019-06-06T18:07:40.264Z", "dateAd": null, "name": "ALLURE", "geoHash": null, "gpsLat": "48.779685", "gpsLong": "2.221116", "commune": "Clamart", "postal_code": "92", "m2": 62, "m2_1": null, "adresse_uuid": null, "seller": 16, "urlOffer": "https://immobilierneuf.leboncoin.fr/annonce/363/programme-neuf/appartement-clamart-92140/20140.html", "note": null, "description": null, "piece": 3, "chambre": null, "available": false, "price": 341000.0, "ref1": null, "ref2": null, "score": null, "origin": null, "uuid": "2bdf1ad2098b4526a6fb2d729429088a4853", "norm": [], "equipment": [], "pic": []}}, {"model": "Offer.buyplan", "pk": 55, "fields": {"catOne": null, "catTwo": null, "created": "2019-06-06T16:14:36.248Z", "modified": "2019-06-06T18:08:22.609Z", "dateAd": null, "name": "LES BELLES DE SEVRES", "geoHash": null, "gpsLat": "48.817290", "gpsLong": "2.191744", "commune": "S\u00e8vres", "postal_code": "92", "m2": 25, "m2_1": null, "adresse_uuid": null, "seller": 3, "urlOffer": "https://immobilierneuf.leboncoin.fr/annonce/349/programme-neuf/appartement+maison-sevres-92310/16698.html", "note": null, "description": null, "piece": 1, "chambre": null, "available": false, "price": 240000.0, "ref1": null, "ref2": null, "score": null, "origin": null, "uuid": "08518c8239f246a2a39e54f299a6b59a4783", "norm": [], "equipment": [], "pic": []}}, {"model": "Offer.buyplan", "pk": 56, "fields": {"catOne": null, "catTwo": null, "created": "2019-06-06T16:20:18.290Z", "modified": "2019-06-06T18:09:15.435Z", "dateAd": null, "name": "TEMPO", "geoHash": null, "gpsLat": "48.763009", "gpsLong": "2.366487", "commune": "Chevilly-Larue", "postal_code": "94550", "m2": 39, "m2_1": null, "adresse_uuid": null, "seller": 2, "urlOffer": "https://immobilierneuf.leboncoin.fr/annonce/360/programme-neuf/appartement-chevilly-larue-94550/19000.html", "note": null, "description": null, "piece": 2, "chambre": null, "available": false, "price": 217000.0, "ref1": null, "ref2": null, "score": null, "origin": null, "uuid": "6e6ef323ea024725b1477abe4aa323a94809", "norm": [], "equipment": [], "pic": []}}, {"model": "Offer.buyplan", "pk": 57, "fields": {"catOne": null, "catTwo": null, "created": "2019-06-06T16:25:15.626Z", "modified": "2019-06-06T18:10:02.361Z", "dateAd": null, "name": "LE MAJESTIC", "geoHash": null, "gpsLat": "48.764171", "gpsLong": "2.388762", "commune": "Thiais", "postal_code": "94320", "m2": 40, "m2_1": null, "adresse_uuid": null, "seller": 6, "urlOffer": "https://immobilierneuf.leboncoin.fr/annonce/373/programme-neuf/appartement-thiais-94320/21854.html", "note": null, "description": null, "piece": null, "chambre": null, "available": false, "price": 227000.0, "ref1": null, "ref2": null, "score": null, "origin": null, "uuid": "f7b455f5658a486e94b88a5611c8ee9e1524", "norm": [], "equipment": [], "pic": []}}, {"model": "Offer.buyplan", "pk": 58, "fields": {"catOne": null, "catTwo": null, "created": "2019-06-06T16:32:56.278Z", "modified": "2019-06-06T18:10:35.946Z", "dateAd": null, "name": "EFFERVESCENCE", "geoHash": null, "gpsLat": "48.906542", "gpsLong": "2.363490", "commune": "Saint-Denis", "postal_code": "93", "m2": 36, "m2_1": null, "adresse_uuid": null, "seller": 2, "urlOffer": "https://immobilierneuf.leboncoin.fr/annonce/360/programme-neuf/appartement-saint-denis-93200/19014.html", "note": null, "description": null, "piece": 1, "chambre": null, "available": false, "price": 215000.0, "ref1": null, "ref2": null, "score": null, "origin": null, "uuid": "c9349e553ae84f9da2e9f62a4d4816849833", "norm": [], "equipment": [], "pic": []}}, {"model": "Offer.buyplan", "pk": 59, "fields": {"catOne": null, "catTwo": null, "created": "2019-06-07T07:42:47.228Z", "modified": "2019-06-07T07:42:47.228Z", "dateAd": null, "name": "LA GALERIE", "geoHash": null, "gpsLat": "48.905872", "gpsLong": "2.268508", "commune": "COURBEVOIE", "postal_code": "92400", "m2": 43, "m2_1": null, "adresse_uuid": null, "seller": 17, "urlOffer": "https://immobilierneuf.leboncoin.fr/annonce/382/programme-neuf/appartement-courbevoie-92400/24119.html", "note": null, "description": null, "piece": 1, "chambre": null, "available": false, "price": 361000.0, "ref1": null, "ref2": null, "score": null, "origin": null, "uuid": "ffc10cbb24a04f05af42759b7fd5c3517939", "norm": [], "equipment": [], "pic": []}}, {"model": "Offer.buyplan", "pk": 60, "fields": {"catOne": null, "catTwo": null, "created": "2019-06-07T07:47:33.830Z", "modified": "2019-06-07T07:47:33.830Z", "dateAd": null, "name": "L' ATELIER", "geoHash": null, "gpsLat": "48.900056", "gpsLong": "2.243080", "commune": "COURBEVOIE", "postal_code": "92400", "m2": 39, "m2_1": null, "adresse_uuid": null, "seller": 9, "urlOffer": "https://immobilierneuf.leboncoin.fr/annonce/327/programme-neuf/appartement-courbevoie-92400/15436.html", "note": null, "description": null, "piece": 2, "chambre": null, "available": false, "price": 362000.0, "ref1": null, "ref2": null, "score": null, "origin": null, "uuid": "c5e0cbe393304e40bc311e7ca6cdd2be6270", "norm": [], "equipment": [], "pic": []}}, {"model": "Offer.buyplan", "pk": 61, "fields": {"catOne": null, "catTwo": null, "created": "2019-06-07T07:52:57.086Z", "modified": "2019-06-07T07:52:57.086Z", "dateAd": null, "name": "RESIDENCE JOSEPHINE", "geoHash": null, "gpsLat": "48.906426", "gpsLong": "2.247603", "commune": "LA GARENNE COLOMBES", "postal_code": "92250", "m2": 38, "m2_1": null, "adresse_uuid": null, "seller": 6, "urlOffer": "https://immobilierneuf.leboncoin.fr/annonce/358/programme-neuf/appartement-la-garenne-colombes-92250/17880.html", "note": null, "description": null, "piece": 1, "chambre": null, "available": false, "price": 258000.0, "ref1": null, "ref2": null, "score": null, "origin": null, "uuid": "f1f872c7f1454f219a6cc16e53457eef3731", "norm": [], "equipment": [], "pic": []}}, {"model": "Offer.buyplan", "pk": 62, "fields": {"catOne": null, "catTwo": null, "created": "2019-06-07T08:02:09.292Z", "modified": "2019-06-07T08:02:09.292Z", "dateAd": null, "name": "ALLURE", "geoHash": null, "gpsLat": "48.871280", "gpsLong": "2.192209", "commune": "RUEIL MALMAISON", "postal_code": "92500", "m2": 62, "m2_1": null, "adresse_uuid": null, "seller": 18, "urlOffer": "https://immobilierneuf.leboncoin.fr/annonce/372/programme-neuf/appartement-rueil-malmaison-92500/21594.html", "note": null, "description": null, "piece": 3, "chambre": null, "available": false, "price": 417000.0, "ref1": null, "ref2": null, "score": null, "origin": null, "uuid": "7e573b5a93744aed8a001d69bf2d2e589060", "norm": [], "equipment": [], "pic": []}}, {"model": "Offer.buyplan", "pk": 63, "fields": {"catOne": null, "catTwo": null, "created": "2019-06-07T08:09:12.690Z", "modified": "2019-06-07T08:09:12.690Z", "dateAd": null, "name": "ESPRIT LONGCHAMP", "geoHash": null, "gpsLat": "48.863634", "gpsLong": "2.218600", "commune": "SURESNES", "postal_code": "92150", "m2": 78, "m2_1": null, "adresse_uuid": null, "seller": 18, "urlOffer": "https://immobilierneuf.leboncoin.fr/annonce/372/programme-neuf/appartement-suresnes-92150/21596.html", "note": null, "description": null, "piece": 4, "chambre": null, "available": false, "price": 593000.0, "ref1": null, "ref2": null, "score": null, "origin": null, "uuid": "5deeb8200c1e4a8aa0e54a1bfaf978922208", "norm": [], "equipment": [], "pic": []}}, {"model": "Offer.buyplan", "pk": 64, "fields": {"catOne": null, "catTwo": null, "created": "2019-06-07T08:13:52.254Z", "modified": "2019-06-07T08:13:52.254Z", "dateAd": null, "name": "L' ARAMIS", "geoHash": null, "gpsLat": "48.874949", "gpsLong": "2.228417", "commune": "SURESNES", "postal_code": "92150", "m2": 47, "m2_1": null, "adresse_uuid": null, "seller": 3, "urlOffer": "https://immobilierneuf.leboncoin.fr/annonce/326/programme-neuf/appartement-suresnes-92150/15312.html", "note": null, "description": null, "piece": 3, "chambre": null, "available": false, "price": 445000.0, "ref1": null, "ref2": null, "score": null, "origin": null, "uuid": "13a3effc618346a495e120b6a8b869989356", "norm": [], "equipment": [], "pic": []}}, {"model": "Offer.buyplan", "pk": 65, "fields": {"catOne": null, "catTwo": null, "created": "2019-06-07T08:18:11.731Z", "modified": "2019-06-07T08:18:11.731Z", "dateAd": null, "name": "VILLA CATERINA", "geoHash": null, "gpsLat": "48.851602", "gpsLong": "2.210766", "commune": "SAINT CLOUD", "postal_code": "92210", "m2": 43, "m2_1": null, "adresse_uuid": null, "seller": 14, "urlOffer": "https://immobilierneuf.leboncoin.fr/annonce/335/programme-neuf/appartement-saint-cloud-92210/15943.html", "note": null, "description": null, "piece": 2, "chambre": null, "available": false, "price": 375000.0, "ref1": null, "ref2": null, "score": null, "origin": null, "uuid": "f4e02886d1a5458d9b355210376555918546", "norm": [], "equipment": [], "pic": []}}, {"model": "Offer.buyplan", "pk": 66, "fields": {"catOne": null, "catTwo": null, "created": "2019-06-07T08:37:16.217Z", "modified": "2019-06-07T08:37:16.217Z", "dateAd": null, "name": "1 RUE DE CRAIOVA", "geoHash": null, "gpsLat": "48.885931", "gpsLong": "2.219050", "commune": "NANTERRE", "postal_code": "92000", "m2": 102, "m2_1": null, "adresse_uuid": "39 boulevard Emile Zola", "seller": 8, "urlOffer": "https://immobilierneuf.leboncoin.fr/annonce/378/programme-neuf/appartement-nanterre-92000/23564.html", "note": null, "description": null, "piece": 5, "chambre": null, "available": false, "price": 589612.0, "ref1": null, "ref2": null, "score": null, "origin": null, "uuid": "600c8c559e8e4d65ae8946a65777631d1839", "norm": [], "equipment": [], "pic": []}}, {"model": "Offer.buyplan", "pk": 67, "fields": {"catOne": null, "catTwo": null, "created": "2019-06-07T08:43:32.112Z", "modified": "2019-06-07T08:43:32.112Z", "dateAd": null, "name": "SERENIA", "geoHash": null, "gpsLat": "48.923715", "gpsLong": "2.271375", "commune": "BOIS COLOMBES", "postal_code": "92270", "m2": 50, "m2_1": null, "adresse_uuid": null, "seller": 3, "urlOffer": "https://immobilierneuf.leboncoin.fr/annonce/337/programme-neuf/appartement-bois-colombes-92270/16093.html", "note": null, "description": null, "piece": 2, "chambre": null, "available": false, "price": 335000.0, "ref1": null, "ref2": null, "score": null, "origin": null, "uuid": "fd64adf21ec447c791abba30d36afecd3389", "norm": [], "equipment": [], "pic": []}}, {"model": "Offer.buyplan", "pk": 68, "fields": {"catOne": null, "catTwo": null, "created": "2019-06-07T08:48:10.956Z", "modified": "2019-06-07T08:48:10.956Z", "dateAd": null, "name": "NOUVELLE AIRE", "geoHash": null, "gpsLat": "48.837920", "gpsLong": "2.485271", "commune": "NOGENT SUR MARNE", "postal_code": "94130", "m2": 45, "m2_1": null, "adresse_uuid": null, "seller": 2, "urlOffer": "https://immobilierneuf.leboncoin.fr/annonce/360/programme-neuf/appartement-nogent-sur-marne-94130/19304.html", "note": null, "description": null, "piece": 2, "chambre": null, "available": false, "price": 307000.0, "ref1": null, "ref2": null, "score": null, "origin": null, "uuid": "43c846a353964bcab3e3ec5256d0844f3216", "norm": [], "equipment": [], "pic": []}}, {"model": "Offer.buyplan", "pk": 69, "fields": {"catOne": null, "catTwo": null, "created": "2019-06-07T08:53:00.240Z", "modified": "2019-06-07T08:53:00.240Z", "dateAd": null, "name": "CARRE NOGENT", "geoHash": null, "gpsLat": "48.835646", "gpsLong": "2.485228", "commune": "NOGENT SUR MARNE", "postal_code": "94130", "m2": 101, "m2_1": null, "adresse_uuid": null, "seller": 19, "urlOffer": "https://immobilierneuf.leboncoin.fr/annonce/367/programme-neuf/appartement-nogent-sur-marne-94130/20744.html", "note": null, "description": null, "piece": 4, "chambre": null, "available": false, "price": 685000.0, "ref1": null, "ref2": null, "score": null, "origin": null, "uuid": "0dba12117e5e4aafae91ea87c24d02a04668", "norm": [], "equipment": [], "pic": []}}, {"model": "Offer.buyplan", "pk": 70, "fields": {"catOne": null, "catTwo": null, "created": "2019-06-07T09:06:44.903Z", "modified": "2019-06-07T09:06:44.903Z", "dateAd": null, "name": "RUE TRONCHET", "geoHash": null, "gpsLat": "48.713405", "gpsLong": "2.244342", "commune": "PALAISEAU", "postal_code": "91120", "m2": 103, "m2_1": null, "adresse_uuid": null, "seller": 8, "urlOffer": "https://immobilierneuf.leboncoin.fr/annonce/378/programme-neuf/appartement-palaiseau-91120/23531.html", "note": null, "description": null, "piece": 5, "chambre": null, "available": false, "price": 491000.0, "ref1": null, "ref2": null, "score": null, "origin": null, "uuid": "e7ae6c9dafb343f299ee24176e53c5791180", "norm": [], "equipment": [], "pic": []}}, {"model": "Offer.buyplan", "pk": 72, "fields": {"catOne": null, "catTwo": null, "created": "2019-06-07T09:17:23.428Z", "modified": "2019-06-07T09:17:23.428Z", "dateAd": null, "name": "LES ALISIERS", "geoHash": null, "gpsLat": "48.733500", "gpsLong": "2.247112", "commune": "MASSY", "postal_code": "91300", "m2": 41, "m2_1": null, "adresse_uuid": null, "seller": 20, "urlOffer": "https://immobilierneuf.leboncoin.fr/annonce/378/programme-neuf/appartement-massy-91300/23693.html", "note": null, "description": null, "piece": 2, "chambre": null, "available": false, "price": 232700.0, "ref1": null, "ref2": null, "score": null, "origin": null, "uuid": "af8536607a13420c970948b497dff1f92243", "norm": [], "equipment": [], "pic": []}}, {"model": "auth.permission", "pk": 1, "fields": {"name": "Can add log entry", "content_type": 1, "codename": "add_logentry"}}, {"model": "auth.permission", "pk": 2, "fields": {"name": "Can change log entry", "content_type": 1, "codename": "change_logentry"}}, {"model": "auth.permission", "pk": 3, "fields": {"name": "Can delete log entry", "content_type": 1, "codename": "delete_logentry"}}, {"model": "auth.permission", "pk": 4, "fields": {"name": "Can view log entry", "content_type": 1, "codename": "view_logentry"}}, {"model": "auth.permission", "pk": 5, "fields": {"name": "Can add permission", "content_type": 2, "codename": "add_permission"}}, {"model": "auth.permission", "pk": 6, "fields": {"name": "Can change permission", "content_type": 2, "codename": "change_permission"}}, {"model": "auth.permission", "pk": 7, "fields": {"name": "Can delete permission", "content_type": 2, "codename": "delete_permission"}}, {"model": "auth.permission", "pk": 8, "fields": {"name": "Can view permission", "content_type": 2, "codename": "view_permission"}}, {"model": "auth.permission", "pk": 9, "fields": {"name": "Can add group", "content_type": 3, "codename": "add_group"}}, {"model": "auth.permission", "pk": 10, "fields": {"name": "Can change group", "content_type": 3, "codename": "change_group"}}, {"model": "auth.permission", "pk": 11, "fields": {"name": "Can delete group", "content_type": 3, "codename": "delete_group"}}, {"model": "auth.permission", "pk": 12, "fields": {"name": "Can view group", "content_type": 3, "codename": "view_group"}}, {"model": "auth.permission", "pk": 13, "fields": {"name": "Can add user", "content_type": 4, "codename": "add_user"}}, {"model": "auth.permission", "pk": 14, "fields": {"name": "Can change user", "content_type": 4, "codename": "change_user"}}, {"model": "auth.permission", "pk": 15, "fields": {"name": "Can delete user", "content_type": 4, "codename": "delete_user"}}, {"model": "auth.permission", "pk": 16, "fields": {"name": "Can view user", "content_type": 4, "codename": "view_user"}}, {"model": "auth.permission", "pk": 17, "fields": {"name": "Can add content type", "content_type": 5, "codename": "add_contenttype"}}, {"model": "auth.permission", "pk": 18, "fields": {"name": "Can change content type", "content_type": 5, "codename": "change_contenttype"}}, {"model": "auth.permission", "pk": 19, "fields": {"name": "Can delete content type", "content_type": 5, "codename": "delete_contenttype"}}, {"model": "auth.permission", "pk": 20, "fields": {"name": "Can view content type", "content_type": 5, "codename": "view_contenttype"}}, {"model": "auth.permission", "pk": 21, "fields": {"name": "Can add session", "content_type": 6, "codename": "add_session"}}, {"model": "auth.permission", "pk": 22, "fields": {"name": "Can change session", "content_type": 6, "codename": "change_session"}}, {"model": "auth.permission", "pk": 23, "fields": {"name": "Can delete session", "content_type": 6, "codename": "delete_session"}}, {"model": "auth.permission", "pk": 24, "fields": {"name": "Can view session", "content_type": 6, "codename": "view_session"}}, {"model": "auth.permission", "pk": 25, "fields": {"name": "Can add equipment", "content_type": 7, "codename": "add_equipment"}}, {"model": "auth.permission", "pk": 26, "fields": {"name": "Can change equipment", "content_type": 7, "codename": "change_equipment"}}, {"model": "auth.permission", "pk": 27, "fields": {"name": "Can delete equipment", "content_type": 7, "codename": "delete_equipment"}}, {"model": "auth.permission", "pk": 28, "fields": {"name": "Can view equipment", "content_type": 7, "codename": "view_equipment"}}, {"model": "auth.permission", "pk": 29, "fields": {"name": "Can add norm", "content_type": 8, "codename": "add_norm"}}, {"model": "auth.permission", "pk": 30, "fields": {"name": "Can change norm", "content_type": 8, "codename": "change_norm"}}, {"model": "auth.permission", "pk": 31, "fields": {"name": "Can delete norm", "content_type": 8, "codename": "delete_norm"}}, {"model": "auth.permission", "pk": 32, "fields": {"name": "Can view norm", "content_type": 8, "codename": "view_norm"}}, {"model": "auth.permission", "pk": 33, "fields": {"name": "Can add pic", "content_type": 9, "codename": "add_pic"}}, {"model": "auth.permission", "pk": 34, "fields": {"name": "Can change pic", "content_type": 9, "codename": "change_pic"}}, {"model": "auth.permission", "pk": 35, "fields": {"name": "Can delete pic", "content_type": 9, "codename": "delete_pic"}}, {"model": "auth.permission", "pk": 36, "fields": {"name": "Can view pic", "content_type": 9, "codename": "view_pic"}}, {"model": "auth.permission", "pk": 37, "fields": {"name": "Can add seller", "content_type": 10, "codename": "add_seller"}}, {"model": "auth.permission", "pk": 38, "fields": {"name": "Can change seller", "content_type": 10, "codename": "change_seller"}}, {"model": "auth.permission", "pk": 39, "fields": {"name": "Can delete seller", "content_type": 10, "codename": "delete_seller"}}, {"model": "auth.permission", "pk": 40, "fields": {"name": "Can view seller", "content_type": 10, "codename": "view_seller"}}, {"model": "auth.permission", "pk": 41, "fields": {"name": "Can add rent", "content_type": 11, "codename": "add_rent"}}, {"model": "auth.permission", "pk": 42, "fields": {"name": "Can change rent", "content_type": 11, "codename": "change_rent"}}, {"model": "auth.permission", "pk": 43, "fields": {"name": "Can delete rent", "content_type": 11, "codename": "delete_rent"}}, {"model": "auth.permission", "pk": 44, "fields": {"name": "Can view rent", "content_type": 11, "codename": "view_rent"}}, {"model": "auth.permission", "pk": 45, "fields": {"name": "Can add buy plan", "content_type": 12, "codename": "add_buyplan"}}, {"model": "auth.permission", "pk": 46, "fields": {"name": "Can change buy plan", "content_type": 12, "codename": "change_buyplan"}}, {"model": "auth.permission", "pk": 47, "fields": {"name": "Can delete buy plan", "content_type": 12, "codename": "delete_buyplan"}}, {"model": "auth.permission", "pk": 48, "fields": {"name": "Can view buy plan", "content_type": 12, "codename": "view_buyplan"}}, {"model": "auth.permission", "pk": 49, "fields": {"name": "Can add buy", "content_type": 13, "codename": "add_buy"}}, {"model": "auth.permission", "pk": 50, "fields": {"name": "Can change buy", "content_type": 13, "codename": "change_buy"}}, {"model": "auth.permission", "pk": 51, "fields": {"name": "Can delete buy", "content_type": 13, "codename": "delete_buy"}}, {"model": "auth.permission", "pk": 52, "fields": {"name": "Can view buy", "content_type": 13, "codename": "view_buy"}}, {"model": "auth.permission", "pk": 53, "fields": {"name": "Can add group seller", "content_type": 14, "codename": "add_groupseller"}}, {"model": "auth.permission", "pk": 54, "fields": {"name": "Can change group seller", "content_type": 14, "codename": "change_groupseller"}}, {"model": "auth.permission", "pk": 55, "fields": {"name": "Can delete group seller", "content_type": 14, "codename": "delete_groupseller"}}, {"model": "auth.permission", "pk": 56, "fields": {"name": "Can view group seller", "content_type": 14, "codename": "view_groupseller"}}, {"model": "auth.permission", "pk": 57, "fields": {"name": "Can add equipment name", "content_type": 15, "codename": "add_equipmentname"}}, {"model": "auth.permission", "pk": 58, "fields": {"name": "Can change equipment name", "content_type": 15, "codename": "change_equipmentname"}}, {"model": "auth.permission", "pk": 59, "fields": {"name": "Can delete equipment name", "content_type": 15, "codename": "delete_equipmentname"}}, {"model": "auth.permission", "pk": 60, "fields": {"name": "Can view equipment name", "content_type": 15, "codename": "view_equipmentname"}}, {"model": "auth.permission", "pk": 61, "fields": {"name": "Can add norm name", "content_type": 16, "codename": "add_normname"}}, {"model": "auth.permission", "pk": 62, "fields": {"name": "Can change norm name", "content_type": 16, "codename": "change_normname"}}, {"model": "auth.permission", "pk": 63, "fields": {"name": "Can delete norm name", "content_type": 16, "codename": "delete_normname"}}, {"model": "auth.permission", "pk": 64, "fields": {"name": "Can view norm name", "content_type": 16, "codename": "view_normname"}}, {"model": "auth.user", "pk": 1, "fields": {"password": "pbkdf2_sha256$150000$oG5ohguLnTdu$v8qvgak3PVAzCJEy44WREjNizWn6w15FIgDBOQOebIQ=", "last_login": "2019-06-09T10:50:03.012Z", "is_superuser": true, "username": "bussiere", "first_name": "", "last_name": "", "email": "", "is_staff": true, "is_active": true, "date_joined": "2019-06-09T10:49:50.263Z", "groups": [], "user_permissions": []}}, {"model": "auth.user", "pk": 2, "fields": {"password": "pbkdf2_sha256$150000$XP3rnqwKLYaT$rdr1eIVA1/8X024VCSWHV0i+jFcPshnVs/iig9Bckrk=", "last_login": null, "is_superuser": true, "username": "bulle", "first_name": "", "last_name": "", "email": "", "is_staff": true, "is_active": true, "date_joined": "2019-06-09T10:49:50.666Z", "groups": [], "user_permissions": []}}, {"model": "auth.user", "pk": 3, "fields": {"password": "pbkdf2_sha256$150000$0hEBuuBt7RaB$aFDrkgPAG9y4/kr+INDgTGsi7GP9iuxQzEkVJ7W+cZA=", "last_login": null, "is_superuser": true, "username": "alex", "first_name": "", "last_name": "", "email": "", "is_staff": true, "is_active": true, "date_joined": "2019-06-09T10:49:50.950Z", "groups": [], "user_permissions": []}}]